{
	"class_name" : "PinholeCameraParameters",
	"extrinsic" : 
	[
		-0.47179671944619883,
		0.84831713143942644,
		-0.24034537654422997,
		0.0,
		0.72218470398162959,
		0.21542110134689821,
		-0.65729978124859856,
		0.0,
		-0.50582319920578067,
		-0.48368563509874096,
		-0.71427662536608094,
		0.0,
		-1.0067500996344272,
		1.6682244831854902,
		23.568439930133408,
		1.0
	],
	"intrinsic" : 
	{
		"height" : 900,
		"intrinsic_matrix" : 
		[
			779.4228634059948,
			0.0,
			0.0,
			0.0,
			779.4228634059948,
			0.0,
			719.5,
			449.5,
			1.0
		],
		"width" : 1440
	},
	"version_major" : 1,
	"version_minor" : 0
}